Dataset,Qwen2.5-7B,Llama3.1-8B-Instruct,Llama3.1-8B,Qwen1.5-110B,Qwen2.5-72B,Llama3.1-70B-Instruct,australian-1,australian-2,australian-3,australian-4,australian-5,australian-6,australian-7,australian-8,cra_lendingclub-1,cra_lendingclub-2,cra_lendingclub-3,cra_lendingclub-4,cra_lendingclub-5,cra_lendingclub-6,fpb-1,fpb-2,fpb-3,fpb-4,german-1,german-2,german-3,german-4,german-5,german-6,german-7,german-8,headlines-1,headlines-2,headlines-3,ner-1,ner-2,ner-3,ner-4,sm_cikm-1,sm_cikm-2,sm_cikm-3,sm_cikm-4,sm_cikm-5,sm_cikm-6,sm_cikm-7,sm_cikm-8,sm_cikm-9,sm_cikm-10,sm_cikm-11,sm_cikm-12,sm_cikm-13,sm_cikm-14,sm_cikm-15,sm_cikm-16,sm_cikm-17,sm_acl-1,sm_acl-2,sm_acl-3,sm_acl-4,sm_acl-5,sm_acl-6,sm_acl-7,sm_acl-8,sm_bigdata-1,sm_bigdata-2,sm_bigdata-3,sm_bigdata-4,sm_bigdata-5,sm_bigdata-6,sm_bigdata-7,sm_bigdata-8,sm_bigdata-9,fiqasa-1,fiqasa-2,fiqasa-3,fiqasa-4,fiqasa-5,fiqasa-6,fiqasa-7,fiqasa-8
australian,43.17,44.6,43.17,43.17,43.17,47.48,66.91,46.76,47.48,63.31,47.48,53.96,69.06,59.71,43.17,43.17,43.17,43.17,43.17,43.17,43.17,43.17,43.17,43.17,43.17,43.17,43.17,43.17,43.17,43.17,43.17,43.17,42.45,41.73,42.45,43.17,43.17,43.17,43.17,43.17,43.17,43.17,43.17,43.17,43.17,43.17,43.17,43.17,43.17,43.17,43.17,43.17,43.17,43.17,43.17,43.17,43.17,43.17,43.17,43.17,43.17,43.17,43.17,43.17,43.17,43.17,43.17,43.17,43.17,43.17,43.17,43.17,43.88,43.17,43.17,43.17,43.17,43.17,43.17,43.17,43.17
cra_lendingclub,80.82,76.33,57.34,80.82,47.01,53.07,74.02,76.44,79.64,75.88,79.3,80.12,80.42,80.34,80.82,97.51,93.98,97.4,89.15,93.57,80.82,80.82,80.82,80.82,80.82,80.82,80.82,80.82,80.82,80.82,80.82,80.82,80.82,80.82,80.82,80.82,80.82,80.38,80.82,80.82,80.82,80.82,80.82,80.82,80.82,80.82,80.82,80.82,80.82,77.11,80.82,80.82,76.25,80.82,80.79,80.82,80.71,79.67,80.82,79.67,79.26,79.38,80.82,80.82,80.82,80.82,78.86,80.82,80.82,80.01,80.82,80.82,79.38,80.82,80.79,80.82,80.82,80.82,80.82,80.82,80.82
fiqasa,38.3,40.43,56.17,63.4,64.26,68.51,40.43,41.7,39.15,51.91,39.57,37.45,39.15,46.81,45.11,48.51,45.53,49.36,45.11,51.91,50.64,52.34,50.21,48.94,37.45,38.72,34.04,34.47,33.19,35.74,35.74,35.32,33.62,32.77,29.79,42.98,41.28,52.34,39.15,38.3,40.85,43.83,37.87,42.55,47.23,40.85,43.83,48.94,49.36,55.74,34.47,33.62,54.89,34.04,44.68,33.62,37.45,44.68,40.0,47.23,43.83,41.7,37.45,31.91,44.26,58.3,66.38,42.13,56.6,63.83,41.7,46.81,66.38,78.3,71.49,78.72,85.11,71.91,69.36,78.72,77.45
fpb,76.08,32.78,30.72,70.72,78.35,78.04,32.37,33.09,34.64,54.85,32.27,33.09,35.05,42.78,74.85,72.16,74.54,73.51,75.05,73.4,82.58,84.43,85.57,84.43,74.02,73.81,75.46,76.19,75.15,74.12,76.19,75.77,78.56,78.04,76.6,75.57,75.36,71.96,75.57,75.67,74.74,74.74,75.57,74.54,73.92,75.46,74.33,74.33,71.55,71.86,75.77,75.77,70.52,75.98,72.78,75.88,75.98,76.8,75.88,72.16,76.19,73.3,76.39,75.67,74.54,72.37,70.52,74.95,73.92,72.06,75.36,74.85,67.94,36.91,40.52,29.38,28.66,40.1,36.49,29.38,30.72
german,65.0,49.5,66.0,66.0,66.5,43.5,46.5,49.5,44.0,54.0,46.5,41.5,63.5,66.0,59.0,66.0,61.5,35.5,56.0,40.0,36.5,40.0,35.5,35.5,66.0,69.5,67.5,67.0,66.0,66.0,68.0,66.5,65.5,65.0,65.5,36.5,46.0,33.5,56.5,41.5,39.5,37.0,38.5,44.0,35.0,38.0,39.5,39.0,41.0,41.0,35.5,40.5,40.0,38.0,41.5,40.5,64.0,64.5,48.0,66.0,40.0,53.5,35.5,48.5,36.5,35.5,39.0,37.5,37.0,64.0,35.0,37.5,54.0,63.5,66.5,66.0,64.5,63.0,65.5,62.0,64.5
headlines,74.81,59.95,59.95,62.96,77.84,77.53,59.95,59.95,59.95,59.95,59.95,59.95,59.95,59.95,72.19,73.97,74.39,71.99,73.01,73.84,77.51,78.25,78.1,77.94,72.25,71.8,74.55,74.15,72.1,69.66,74.32,74.08,93.21,95.87,97.76,68.58,72.91,64.07,73.58,73.95,73.26,73.16,73.85,72.9,72.31,73.25,73.66,72.72,72.09,72.02,74.66,74.54,68.28,74.33,71.64,73.96,74.08,71.52,72.68,71.25,73.78,70.8,74.78,75.08,71.57,68.77,65.3,71.07,69.57,65.69,70.54,71.41,67.05,59.95,59.95,59.95,59.95,59.95,59.95,59.95,59.95
ner,21.75,0.62,9.01,17.89,9.36,9.52,8.13,3.45,7.53,23.06,7.86,10.15,14.12,17.88,29.23,25.64,21.96,28.88,24.59,25.09,24.66,23.5,21.93,22.62,27.86,24.71,23.79,26.38,28.97,26.64,21.69,25.28,23.77,24.8,23.36,57.82,47.07,59.42,46.84,21.87,24.57,24.15,22.13,23.28,25.37,24.52,21.59,25.82,23.48,26.59,19.54,22.61,30.18,21.76,25.79,21.15,26.27,20.12,27.12,26.94,26.15,26.99,28.8,25.14,23.29,27.98,26.94,21.0,26.68,25.79,24.25,26.87,24.39,26.46,19.39,8.26,3.0,14.61,5.68,9.14,8.55
sm_acl,51.1,51.4,51.34,49.3,51.56,49.38,51.18,51.77,51.75,51.91,51.32,52.04,50.78,51.4,51.02,50.94,50.65,51.08,50.86,50.48,50.56,50.43,50.38,50.51,50.81,51.13,50.94,51.16,51.02,50.94,51.34,51.1,50.67,50.7,50.75,50.65,51.21,50.75,51.29,50.54,50.89,51.8,50.94,50.27,51.16,50.43,50.4,51.08,50.81,50.56,50.08,50.73,51.53,50.7,52.34,50.32,52.69,52.77,53.82,50.65,55.99,52.1,52.39,52.12,52.07,52.15,57.42,52.5,52.23,58.06,52.42,51.96,53.84,50.83,51.13,51.1,51.4,51.67,51.24,51.32,52.02
sm_bigdata,55.3,55.57,52.79,51.02,50.27,47.76,55.23,53.6,54.35,55.3,55.91,55.64,55.57,54.62,55.16,54.96,55.16,55.23,55.1,55.23,55.84,56.05,55.71,55.91,55.43,55.37,55.37,55.37,55.03,55.1,55.37,55.64,54.96,55.84,55.77,55.5,55.37,55.3,55.57,53.94,52.11,51.29,54.01,52.51,52.45,54.08,51.56,51.43,51.97,50.07,53.8,53.6,51.97,54.08,52.99,54.48,44.63,45.65,47.08,44.16,47.15,46.94,50.14,50.75,49.18,57.54,51.09,49.59,50.75,54.28,51.15,53.74,54.28,55.03,55.3,53.53,53.74,54.14,53.67,52.65,54.14
sm_cikm,58.44,54.24,54.07,44.01,58.27,47.86,55.03,55.64,54.77,54.94,55.82,55.64,54.07,53.98,58.53,58.71,58.36,58.27,58.71,58.53,58.27,57.74,58.18,57.48,58.36,58.18,58.62,58.36,58.62,57.92,58.79,58.79,58.01,58.01,57.92,58.09,58.79,57.39,58.62,57.13,56.87,56.43,58.09,56.87,56.43,56.34,56.43,54.16,57.22,56.52,56.26,56.52,53.37,56.96,49.96,56.34,43.57,46.81,50.22,41.82,53.81,53.98,51.62,53.54,56.17,52.93,51.88,54.16,52.49,52.58,53.72,56.26,51.97,52.41,54.86,53.89,55.64,50.31,52.32,54.68,56.87
causal20_sc,65.14,88.48,79.45,83.75,76.17,87.16,86.9,87.36,86.79,84.26,86.62,86.91,86.4,86.93,71.27,70.2,76.73,69.17,70.9,69.51,83.63,83.98,84.21,84.86,71.12,71.02,69.92,72.47,76.96,78.55,75.57,75.09,85.16,89.74,90.94,67.66,68.88,56.43,69.82,73.64,72.3,69.89,70.19,70.86,69.15,71.99,68.15,66.47,76.32,78.01,74.01,71.36,70.77,67.9,68.0,73.22,70.39,67.14,68.18,66.91,70.18,70.41,73.41,77.2,67.37,59.23,60.3,66.49,61.07,53.43,63.77,68.41,59.03,74.95,70.83,67.57,71.15,77.13,76.18,71.7,74.72
finarg_ecc_arc,64.78,46.67,60.0,62.32,63.04,44.64,49.28,47.39,43.91,47.83,47.39,44.35,47.54,44.78,65.36,65.65,65.07,65.8,64.93,64.64,65.07,63.91,63.62,64.64,64.64,65.07,65.51,64.78,65.07,65.51,66.09,65.65,62.03,56.81,54.78,64.78,64.06,63.77,64.93,65.07,66.96,65.22,64.93,66.96,65.65,65.22,65.65,65.22,66.96,68.26,65.36,65.65,66.09,65.22,66.67,65.8,67.39,67.25,68.12,67.54,65.8,67.54,67.1,67.1,68.26,68.84,68.55,68.12,67.39,69.57,68.41,66.96,69.13,56.81,53.04,56.38,66.67,56.23,56.38,55.65,59.28
finarg_ecc_auc,48.3,51.81,49.85,55.01,61.71,65.02,52.53,52.01,52.63,52.73,53.15,52.43,52.53,52.22,53.87,56.04,53.97,55.52,55.42,55.11,58.1,56.76,58.62,58.82,51.5,51.91,51.19,54.08,54.39,54.18,54.7,54.28,49.23,48.4,48.4,55.11,50.46,52.43,49.23,53.25,53.04,52.84,52.43,52.12,52.32,54.28,52.43,50.88,52.94,51.81,48.71,49.23,50.57,48.3,50.15,49.85,47.88,49.43,48.5,47.68,48.81,47.57,48.81,49.23,52.22,51.91,50.05,54.7,52.43,50.98,51.7,49.95,47.99,51.6,50.77,49.23,51.91,48.92,50.36,46.34,52.43
fomc,60.48,29.44,34.68,58.47,57.66,66.13,30.44,33.27,35.69,35.08,31.85,35.48,34.48,34.68,61.09,61.69,61.29,61.9,62.1,62.5,62.9,63.31,62.3,62.3,60.48,59.48,60.28,60.08,60.48,61.09,60.48,60.69,61.9,62.1,60.08,60.28,61.09,61.49,60.89,60.48,59.68,60.69,61.29,59.27,59.88,60.48,60.89,59.88,58.87,58.06,60.69,60.48,60.89,59.88,61.49,60.48,60.08,60.69,61.29,60.08,61.09,60.89,60.28,61.49,60.69,58.47,56.45,61.29,60.48,60.69,62.1,60.89,60.48,38.71,41.33,40.93,41.73,35.89,35.48,37.5,35.28
ma,79.2,56.4,51.0,81.4,84.6,83.2,67.2,70.0,72.2,67.8,68.2,69.6,70.8,83.8,69.6,69.8,73.8,69.8,70.4,72.2,77.6,78.0,77.2,77.6,73.2,74.8,76.2,74.0,67.4,66.0,73.4,72.0,76.8,80.6,80.4,72.2,75.6,70.4,75.4,79.4,80.6,79.4,79.2,78.6,79.2,78.0,78.4,78.6,81.6,84.0,80.6,79.8,80.2,79.2,80.2,79.8,80.0,77.8,77.0,78.4,79.4,80.4,78.8,81.8,77.6,71.0,78.6,75.6,76.0,74.0,72.4,75.6,71.4,57.0,58.6,59.6,60.4,56.8,57.0,57.0,59.0
mlesg,35.67,32.67,20.0,34.67,38.67,42.33,28.67,31.0,32.33,29.67,32.0,30.33,29.0,29.67,30.0,30.33,30.0,30.0,29.67,30.0,35.33,35.33,35.67,36.0,34.67,35.0,35.0,35.0,33.33,32.0,34.33,34.33,38.67,36.0,40.33,29.67,37.0,30.0,37.0,33.33,33.67,35.0,35.0,33.33,34.67,34.33,35.0,35.67,32.33,33.33,33.33,34.67,33.33,35.33,33.33,34.33,35.67,32.67,33.33,35.0,34.33,31.67,34.33,32.33,33.0,33.33,30.67,33.67,32.33,34.33,34.33,34.33,32.0,15.33,15.67,16.33,18.67,17.33,15.67,20.33,17.67
multifin_en,60.99,31.32,28.39,65.38,63.55,68.5,29.85,30.77,27.66,32.6,29.3,32.42,28.94,31.32,61.17,61.54,61.36,60.26,60.07,60.26,61.9,64.29,64.1,63.55,60.62,61.72,61.72,60.62,60.99,61.17,60.81,60.26,60.26,57.88,57.69,61.72,60.81,59.71,60.81,60.26,60.62,60.44,60.44,60.44,60.44,59.71,60.62,61.54,59.71,58.24,60.81,61.54,58.97,61.9,58.79,60.44,60.81,62.09,61.17,59.34,61.17,59.89,61.54,62.45,61.54,60.26,58.06,61.36,61.17,61.72,61.17,60.62,60.26,32.23,35.53,34.98,33.52,30.77,32.23,32.23,29.3
Avg,57.61,47.19,47.29,58.25,58.35,57.63,49.1,48.45,48.5,52.65,48.5,48.89,51.26,52.76,57.73,59.22,58.91,57.46,57.9,57.61,59.12,59.55,59.13,59.12,57.79,58.01,57.89,58.12,57.81,57.57,58.28,58.16,59.74,59.71,59.61,57.71,58.23,56.62,58.78,56.61,56.69,56.46,56.38,56.62,56.42,56.53,56.26,56.45,57.07,57.43,55.74,56.15,56.53,55.74,56.13,56.13,56.75,56.63,56.26,56.35,56.48,56.48,56.2,56.96,56.01,56.03,56.07,55.77,56.12,57.89,55.41,56.48,56.67,51.41,51.11,49.99,51.18,50.16,49.5,49.56,50.35
